DATE,NAME,TIME,TYPE,1M,3M,6M,9M,1Y,2Y,3Y,4Y,5Y,7Y,10Y
2021-02-10,FR007利率互换收盘曲线,16:30,报买,2.3054,2.5793,2.6400,2.6700,2.7050,2.8103,2.9010,2.9852,3.0771,3.1573,3.3023
2021-02-10,FR007利率互换收盘曲线,16:30,均值,2.3087,2.5909,2.6475,2.6763,2.7100,2.8139,2.9068,2.9901,3.0807,3.1849,3.3374
2021-02-10,FR007利率互换收盘曲线,16:30,报卖,2.3119,2.6025,2.6550,2.6825,2.7150,2.8175,2.9125,2.9950,3.0842,3.2125,3.3725
2021-02-09,FR007利率互换收盘曲线,16:30,报买,2.5979,2.5925,2.6310,2.6562,2.6870,2.7850,2.8725,2.9546,3.0571,3.1450,3.2822
2021-02-09,FR007利率互换收盘曲线,16:30,均值,2.6007,2.6025,2.6348,2.6613,2.6881,2.7910,2.8829,2.9653,3.0579,3.1775,3.3200
2021-02-09,FR007利率互换收盘曲线,16:30,报卖,2.6035,2.6125,2.6386,2.6664,2.6891,2.7971,2.8933,2.9759,3.0587,3.2100,3.3578
2021-02-08,FR007利率互换收盘曲线,16:30,报买,2.4849,2.6014,2.6531,2.6750,2.7038,2.8007,2.8844,2.9750,3.0725,3.1613,3.3185
2021-02-08,FR007利率互换收盘曲线,16:30,均值,2.4899,2.6196,2.6628,2.6797,2.7062,2.8054,2.8982,2.9827,3.0756,3.1881,3.3519
2021-02-08,FR007利率互换收盘曲线,16:30,报卖,2.4950,2.6378,2.6725,2.6844,2.7085,2.8102,2.9120,2.9904,3.0787,3.2150,3.3853
2021-02-07,FR007利率互换收盘曲线,16:30,报买,2.4370,2.5850,2.6125,2.6275,2.6750,2.7800,2.8575,2.9450,3.0400,3.1500,3.2775
2021-02-07,FR007利率互换收盘曲线,16:30,均值,2.4439,2.6100,2.6375,2.6538,2.6825,2.7888,2.8738,2.9588,3.0425,3.1738,3.3088
2021-02-07,FR007利率互换收盘曲线,16:30,报卖,2.4509,2.6350,2.6625,2.6800,2.6900,2.7975,2.8900,2.9725,3.0450,3.1975,3.3400
2021-02-05,FR007利率互换收盘曲线,16:30,报买,2.4129,2.6023,2.6475,2.6675,2.6860,2.7852,2.8800,2.9596,3.0465,3.1559,3.3027
2021-02-05,FR007利率互换收盘曲线,16:30,均值,2.4174,2.6183,2.6550,2.6725,2.6875,2.7901,2.8838,2.9642,3.0475,3.1742,3.3232
2021-02-05,FR007利率互换收盘曲线,16:30,报卖,2.4218,2.6344,2.6625,2.6775,2.6890,2.7950,2.8875,2.9689,3.0485,3.1925,3.3437
2021-02-04,FR007利率互换收盘曲线,16:30,报买,2.3992,2.6050,2.6450,2.6650,2.6817,2.7800,2.8700,2.9500,3.0356,3.1463,3.2900
2021-02-04,FR007利率互换收盘曲线,16:30,均值,2.4034,2.6200,2.6522,2.6705,2.6852,2.7847,2.8747,2.9561,3.0370,3.1655,3.3105
2021-02-04,FR007利率互换收盘曲线,16:30,报卖,2.4076,2.6350,2.6594,2.6759,2.6886,2.7893,2.8793,2.9623,3.0385,3.1846,3.3310
2021-02-03,FR007利率互换收盘曲线,16:30,报买,2.2538,2.5668,2.6157,2.6373,2.6577,2.7547,2.8422,2.9266,3.0095,3.1168,3.2478
2021-02-03,FR007利率互换收盘曲线,16:30,均值,2.2613,2.5938,2.6249,2.6437,2.6606,2.7599,2.8495,2.9305,3.0111,3.1316,3.2736
2021-02-03,FR007利率互换收盘曲线,16:30,报卖,2.2688,2.6209,2.6340,2.6500,2.6635,2.7650,2.8568,2.9345,3.0127,3.1464,3.2994
2021-02-02,FR007利率互换收盘曲线,16:30,报买,2.3502,2.5325,2.5625,2.5700,2.5900,2.6900,2.7725,2.8550,2.9425,3.0500,3.1825
2021-02-02,FR007利率互换收盘曲线,16:30,均值,2.3533,2.5438,2.5675,2.5750,2.5925,2.6935,2.7800,2.8619,2.9442,3.0650,3.2075
2021-02-02,FR007利率互换收盘曲线,16:30,报卖,2.3564,2.5550,2.5725,2.5800,2.5950,2.6970,2.7875,2.8688,2.9458,3.0800,3.2325
2021-02-01,FR007利率互换收盘曲线,16:30,报买,3.0320,2.6215,2.5775,2.5775,2.5900,2.6818,2.7598,2.8438,2.9299,3.0338,3.1625
2021-02-01,FR007利率互换收盘曲线,16:30,均值,3.0339,2.6283,2.5863,2.5850,2.5913,2.6834,2.7662,2.8457,2.9312,3.0507,3.1900
2021-02-01,FR007利率互换收盘曲线,16:30,报卖,3.0357,2.6350,2.5950,2.5925,2.5925,2.6850,2.7725,2.8475,2.9325,3.0675,3.2175
2021-01-29,FR007利率互换收盘曲线,16:30,报买,2.7000,2.6788,2.6250,2.6097,2.6236,2.7102,2.7900,2.8637,2.9478,3.0500,3.1850
2021-01-29,FR007利率互换收盘曲线,16:30,均值,2.9000,2.6894,2.6325,2.6163,2.6268,2.7152,2.7973,2.8705,2.9502,3.0691,3.2098
2021-01-29,FR007利率互换收盘曲线,16:30,报卖,3.1000,2.7000,2.6400,2.6228,2.6300,2.7202,2.8046,2.8773,2.9525,3.0882,3.2346
2021-01-28,FR007利率互换收盘曲线,16:30,报买,3.0462,2.6727,2.6125,2.6150,2.6361,2.7300,2.8050,2.8775,2.9625,3.0525,3.2025
2021-01-28,FR007利率互换收盘曲线,16:30,均值,3.0517,2.6926,2.6225,2.6208,2.6375,2.7338,2.8088,2.8800,2.9640,3.0775,3.2338
2021-01-28,FR007利率互换收盘曲线,16:30,报卖,3.0573,2.7125,2.6325,2.6267,2.6389,2.7375,2.8125,2.8825,2.9655,3.1025,3.2650
2021-01-27,FR007利率互换收盘曲线,16:30,报买,2.9513,2.5650,2.5550,2.5625,2.5800,2.6723,2.7575,2.8350,2.9175,3.0275,3.1675
2021-01-27,FR007利率互换收盘曲线,16:30,均值,2.9555,2.5800,2.5613,2.5675,2.5821,2.6749,2.7638,2.8403,2.9200,3.0450,3.1925
2021-01-27,FR007利率互换收盘曲线,16:30,报卖,2.9596,2.5950,2.5675,2.5725,2.5841,2.6775,2.7700,2.8456,2.9225,3.0625,3.2175
2021-01-26,FR007利率互换收盘曲线,16:30,报买,2.7044,2.5341,2.5370,2.5507,2.5702,2.6661,2.7551,2.8287,2.9125,3.0219,3.1622
2021-01-26,FR007利率互换收盘曲线,16:30,均值,2.7101,2.5545,2.5410,2.5553,2.5723,2.6704,2.7648,2.8367,2.9153,3.0447,3.1917
2021-01-26,FR007利率互换收盘曲线,16:30,报卖,2.7157,2.5748,2.5450,2.5599,2.5744,2.6747,2.7744,2.8448,2.9181,3.0674,3.2211
2021-01-25,FR007利率互换收盘曲线,16:30,报买,2.4777,2.4197,2.4550,2.4824,2.5107,2.6100,2.7034,2.7841,2.8700,2.9831,3.1225
2021-01-25,FR007利率互换收盘曲线,16:30,均值,2.4815,2.4336,2.4613,2.4862,2.5125,2.6147,2.7079,2.7895,2.8713,3.0003,3.1500
2021-01-25,FR007利率互换收盘曲线,16:30,报卖,2.4854,2.4475,2.4675,2.4900,2.5143,2.6193,2.7125,2.7950,2.8725,3.0175,3.1775
2021-01-22,FR007利率互换收盘曲线,16:30,报买,2.3965,2.3875,2.4325,2.4600,2.4850,2.5875,2.6800,2.7643,2.8475,2.9475,3.1125
2021-01-22,FR007利率互换收盘曲线,16:30,均值,2.4028,2.4100,2.4413,2.4650,2.4865,2.5888,2.6855,2.7684,2.8488,2.9738,3.1388
2021-01-22,FR007利率互换收盘曲线,16:30,报卖,2.4090,2.4325,2.4500,2.4700,2.4879,2.5900,2.6909,2.7725,2.8500,3.0000,3.1650
2021-01-21,FR007利率互换收盘曲线,16:30,报买,2.5409,2.3875,2.4200,2.4400,2.4742,2.5700,2.6600,2.7505,2.8348,2.9550,3.1000
2021-01-21,FR007利率互换收盘曲线,16:30,均值,2.5489,2.4163,2.4313,2.4475,2.4758,2.5750,2.6713,2.7552,2.8362,2.9750,3.1250
2021-01-21,FR007利率互换收盘曲线,16:30,报卖,2.5569,2.4450,2.4425,2.4550,2.4773,2.5800,2.6825,2.7600,2.8376,2.9950,3.1500
2021-01-20,FR007利率互换收盘曲线,16:30,报买,2.5861,2.4200,2.4475,2.4675,2.4956,2.5900,2.6825,2.7650,2.8550,2.9700,3.1125
2021-01-20,FR007利率互换收盘曲线,16:30,均值,2.5934,2.4463,2.4575,2.4738,2.4978,2.5950,2.6888,2.7713,2.8563,2.9900,3.1425
2021-01-20,FR007利率互换收盘曲线,16:30,报卖,2.6007,2.4725,2.4675,2.4800,2.5000,2.6000,2.6950,2.7775,2.8575,3.0100,3.1725
2021-01-19,FR007利率互换收盘曲线,16:30,报买,2.4461,2.4100,2.4550,2.4850,2.5175,2.6100,2.7075,2.7950,2.8800,2.9925,3.1550
2021-01-19,FR007利率互换收盘曲线,16:30,均值,2.4513,2.4288,2.4625,2.4925,2.5188,2.6163,2.7138,2.8000,2.8825,3.0100,3.1725
2021-01-19,FR007利率互换收盘曲线,16:30,报卖,2.4565,2.4475,2.4700,2.5000,2.5200,2.6225,2.7200,2.8050,2.8850,3.0275,3.1900
2021-01-18,FR007利率互换收盘曲线,16:30,报买,2.2435,2.3825,2.4456,2.4889,2.5226,2.6250,2.7175,2.8050,2.8909,3.0029,3.1500
2021-01-18,FR007利率互换收盘曲线,16:30,均值,2.2484,2.4000,2.4576,2.4961,2.5257,2.6288,2.7238,2.8113,2.8929,3.0202,3.1738
2021-01-18,FR007利率互换收盘曲线,16:30,报卖,2.2532,2.4175,2.4696,2.5032,2.5287,2.6325,2.7300,2.8175,2.8950,3.0375,3.1975
2021-01-15,FR007利率互换收盘曲线,16:30,报买,2.0896,2.3225,2.3967,2.4366,2.4731,2.5700,2.6705,2.7680,2.8528,2.9659,3.1150
2021-01-15,FR007利率互换收盘曲线,16:30,均值,2.0939,2.3378,2.4039,2.4433,2.4751,2.5750,2.6771,2.7691,2.8546,2.9880,3.1388
2021-01-15,FR007利率互换收盘曲线,16:30,报卖,2.0981,2.3530,2.4110,2.4500,2.4772,2.5800,2.6838,2.7703,2.8564,3.0100,3.1625
2021-01-14,FR007利率互换收盘曲线,16:30,报买,2.0587,2.2925,2.3600,2.3975,2.4325,2.5300,2.6225,2.7124,2.8025,2.9250,3.0790
2021-01-14,FR007利率互换收盘曲线,16:30,均值,2.0639,2.3113,2.3692,2.4050,2.4347,2.5338,2.6280,2.7173,2.8035,2.9455,3.1013
2021-01-14,FR007利率互换收盘曲线,16:30,报卖,2.0691,2.3300,2.3785,2.4125,2.4369,2.5375,2.6334,2.7223,2.8046,2.9660,3.1235
2021-01-13,FR007利率互换收盘曲线,16:30,报买,2.0677,2.2825,2.3348,2.3800,2.4100,2.5075,2.6000,2.6940,2.7850,2.9150,3.0648
2021-01-13,FR007利率互换收盘曲线,16:30,均值,2.0712,2.2950,2.3424,2.3838,2.4125,2.5113,2.6063,2.7000,2.7865,2.9263,3.0805
2021-01-13,FR007利率互换收盘曲线,16:30,报卖,2.0746,2.3075,2.3500,2.3875,2.4150,2.5150,2.6125,2.7060,2.7880,2.9375,3.0962
2021-01-12,FR007利率互换收盘曲线,16:30,报买,2.0519,2.2906,2.3600,2.4015,2.4375,2.5335,2.6350,2.7300,2.8250,2.9427,3.0806
2021-01-12,FR007利率互换收盘曲线,16:30,均值,2.0566,2.3077,2.3688,2.4095,2.4400,2.5405,2.6413,2.7363,2.8265,2.9634,3.1077
2021-01-12,FR007利率互换收盘曲线,16:30,报卖,2.0614,2.3248,2.3775,2.4175,2.4425,2.5475,2.6475,2.7425,2.8279,2.9841,3.1348
2021-06-21,FR007利率互换收盘曲线,16:30,报买,2.3146,2.3525,2.4100,2.4637,2.5150,2.6350,2.7387,2.8312,2.9163,3.0336,3.1811
2021-06-21,FR007利率互换收盘曲线,16:30,均值,2.3156,2.3563,2.4163,2.4694,2.5163,2.6375,2.7455,2.8369,2.9182,3.0506,3.1981
2021-06-21,FR007利率互换收盘曲线,16:30,报卖,2.3167,2.3600,2.4225,2.4750,2.5175,2.6400,2.7523,2.8425,2.9200,3.0675,3.2150
2021-06-18,FR007利率互换收盘曲线,16:30,报买,2.2538,2.3675,2.4397,2.4950,2.5446,2.6693,2.7775,2.8725,2.9575,3.0775,3.2200
2021-06-18,FR007利率互换收盘曲线,16:30,均值,2.2548,2.3713,2.4427,2.5000,2.5460,2.6715,2.7818,2.8775,2.9590,3.0928,3.2375
2021-06-18,FR007利率互换收盘曲线,16:30,报卖,2.2559,2.3750,2.4458,2.5050,2.5475,2.6737,2.7861,2.8825,2.9605,3.1082,3.2550
2021-06-17,FR007利率互换收盘曲线,16:30,报买,2.2459,2.3650,2.4475,2.5025,2.5550,2.6784,2.7900,2.8875,2.9765,3.0969,3.2434
2021-06-17,FR007利率互换收盘曲线,16:30,均值,2.2479,2.3722,2.4500,2.5063,2.5564,2.6829,2.7925,2.8925,2.9783,3.1113,3.2592
2021-06-17,FR007利率互换收盘曲线,16:30,报卖,2.2499,2.3795,2.4525,2.5100,2.5578,2.6875,2.7950,2.8975,2.9800,3.1256,3.2750
2021-06-16,FR007利率互换收盘曲线,16:30,报买,2.2861,2.3800,2.4425,2.4996,2.5490,2.6716,2.7802,2.8767,2.9666,3.0845,3.2329
2021-06-16,FR007利率互换收盘曲线,16:30,均值,2.2872,2.3838,2.4493,2.5028,2.5513,2.6765,2.7869,2.8828,2.9691,3.0998,3.2464
2021-06-16,FR007利率互换收盘曲线,16:30,报卖,2.2882,2.3875,2.4561,2.5059,2.5537,2.6814,2.7937,2.8889,2.9716,3.1150,3.2600
2021-06-15,FR007利率互换收盘曲线,16:30,报买,2.2781,2.3725,2.4400,2.4900,2.5413,2.6650,2.7650,2.8600,2.9549,3.0723,3.2125
2021-06-15,FR007利率互换收盘曲线,16:30,均值,2.2791,2.3763,2.4438,2.4975,2.5432,2.6700,2.7750,2.8700,2.9562,3.0862,3.2300
2021-06-15,FR007利率互换收盘曲线,16:30,报卖,2.2801,2.3800,2.4475,2.5050,2.5450,2.6750,2.7850,2.8800,2.9575,3.1000,3.2475
2021-03-12,FR007利率互换收盘曲线,16:30,报买,2.2014,2.4650,2.5542,2.6050,2.6500,2.7575,2.8625,2.9550,3.0413,3.1634,3.3200
2021-03-12,FR007利率互换收盘曲线,16:30,均值,2.2035,2.4725,2.5621,2.6113,2.6525,2.7638,2.8675,2.9575,3.0432,3.1817,3.3375
2021-03-12,FR007利率互换收盘曲线,16:30,报卖,2.2056,2.4800,2.5700,2.6175,2.6550,2.7700,2.8725,2.9600,3.0450,3.2000,3.3550
2021-03-11,FR007利率互换收盘曲线,16:30,报买,2.1626,2.4550,2.5450,2.5975,2.6450,2.7500,2.8525,2.9450,3.0325,3.1600,3.3100
2021-03-11,FR007利率互换收盘曲线,16:30,均值,2.1647,2.4625,2.5538,2.6035,2.6463,2.7563,2.8575,2.9500,3.0350,3.1763,3.3288
2021-03-11,FR007利率互换收盘曲线,16:30,报卖,2.1667,2.4700,2.5625,2.6096,2.6475,2.7625,2.8625,2.9550,3.0375,3.1925,3.3475
2021-03-10,FR007利率互换收盘曲线,16:30,报买,2.1337,2.4550,2.5325,2.5800,2.6275,2.7350,2.8325,2.9200,3.0150,3.1350,3.2850
2021-03-10,FR007利率互换收盘曲线,16:30,均值,2.1365,2.4650,2.5413,2.5875,2.6288,2.7384,2.8422,2.9288,3.0163,3.1550,3.3113
2021-03-10,FR007利率互换收盘曲线,16:30,报卖,2.1392,2.4750,2.5500,2.5950,2.6300,2.7418,2.8518,2.9375,3.0175,3.1750,3.3375
2021-03-09,FR007利率互换收盘曲线,16:30,报买,2.1640,2.4600,2.5400,2.5900,2.6428,2.7475,2.8450,2.9375,3.0325,3.1525,3.2922
2021-03-09,FR007利率互换收盘曲线,16:30,均值,2.1678,2.4738,2.5550,2.5988,2.6452,2.7525,2.8575,2.9463,3.0350,3.1713,3.3248
2021-03-09,FR007利率互换收盘曲线,16:30,报卖,2.1716,2.4875,2.5700,2.6075,2.6475,2.7575,2.8700,2.9550,3.0375,3.1900,3.3575
2021-03-08,FR007利率互换收盘曲线,16:30,报买,2.1987,2.4550,2.5300,2.5800,2.6248,2.7300,2.8303,2.9225,3.0075,3.1283,3.2750
2021-03-08,FR007利率互换收盘曲线,16:30,均值,2.2008,2.4625,2.5388,2.5888,2.6281,2.7350,2.8363,2.9275,3.0100,3.1463,3.2950
2021-03-08,FR007利率互换收盘曲线,16:30,报卖,2.2028,2.4700,2.5475,2.5975,2.6314,2.7400,2.8422,2.9325,3.0125,3.1642,3.3150
2021-03-05,FR007利率互换收盘曲线,16:30,报买,2.1174,2.4225,2.5245,2.5800,2.6275,2.7400,2.8371,2.9271,3.0150,3.1375,3.2925
2021-03-05,FR007利率互换收盘曲线,16:30,均值,2.1206,2.4338,2.5335,2.5850,2.6288,2.7425,2.8410,2.9298,3.0163,3.1550,3.3138
2021-03-05,FR007利率互换收盘曲线,16:30,报卖,2.1237,2.4450,2.5425,2.5900,2.6300,2.7450,2.8450,2.9325,3.0175,3.1725,3.3350
2021-03-04,FR007利率互换收盘曲线,16:30,报买,2.2310,2.4675,2.5625,2.6150,2.6650,2.7725,2.8700,2.9625,3.0450,3.1700,3.3325
2021-03-04,FR007利率互换收盘曲线,16:30,均值,2.2324,2.4725,2.5688,2.6188,2.6663,2.7763,2.8725,2.9661,3.0463,3.1887,3.3500
2021-03-04,FR007利率互换收盘曲线,16:30,报卖,2.2338,2.4775,2.5750,2.6225,2.6675,2.7800,2.8750,2.9697,3.0475,3.2073,3.3675
2021-03-03,FR007利率互换收盘曲线,16:30,报买,2.0911,2.4575,2.5500,2.6050,2.6500,2.7550,2.8500,2.9450,3.0300,3.1575,3.3175
2021-03-03,FR007利率互换收盘曲线,16:30,均值,2.0928,2.4638,2.5538,2.6088,2.6513,2.7613,2.8575,2.9488,3.0325,3.1750,3.3363
2021-03-03,FR007利率互换收盘曲线,16:30,报卖,2.0945,2.4700,2.5575,2.6125,2.6526,2.7675,2.8650,2.9525,3.0350,3.1925,3.3550
2021-03-02,FR007利率互换收盘曲线,16:30,报买,2.2355,2.4575,2.5525,2.6075,2.6513,2.7525,2.8575,2.9450,3.0300,3.1550,3.3025
2021-03-02,FR007利率互换收盘曲线,16:30,均值,2.2379,2.4663,2.5613,2.6125,2.6532,2.7600,2.8600,2.9513,3.0325,3.1725,3.3275
2021-03-02,FR007利率互换收盘曲线,16:30,报卖,2.2403,2.4750,2.5700,2.6175,2.6550,2.7675,2.8625,2.9575,3.0350,3.1900,3.3525
2021-03-01,FR007利率互换收盘曲线,16:30,报买,2.2730,2.4625,2.5525,2.6075,2.6525,2.7525,2.8550,2.9425,3.0275,3.1525,3.3050
2021-03-01,FR007利率互换收盘曲线,16:30,均值,2.2789,2.4838,2.5616,2.6125,2.6540,2.7588,2.8613,2.9475,3.0300,3.1713,3.3275
2021-03-01,FR007利率互换收盘曲线,16:30,报卖,2.2848,2.5050,2.5706,2.6175,2.6554,2.7650,2.8675,2.9525,3.0325,3.1900,3.3500
2021-02-26,FR007利率互换收盘曲线,16:30,报买,2.3174,2.4925,2.5850,2.6400,2.6825,2.7950,2.8975,2.9906,3.0775,3.2004,3.3625
2021-02-26,FR007利率互换收盘曲线,16:30,均值,2.3209,2.5050,2.5925,2.6450,2.6863,2.8000,2.9025,2.9928,3.0788,3.2177,3.3838
2021-02-26,FR007利率互换收盘曲线,16:30,报卖,2.3243,2.5175,2.6000,2.6500,2.6900,2.8050,2.9075,2.9950,3.0800,3.2350,3.4050
2021-02-25,FR007利率互换收盘曲线,16:30,报买,2.3174,2.4925,2.5875,2.6350,2.6725,2.7824,2.8850,2.9750,3.0599,3.1798,3.3300
2021-02-25,FR007利率互换收盘曲线,16:30,均值,2.3223,2.5100,2.5950,2.6400,2.6750,2.7865,2.8900,2.9792,3.0612,3.1962,3.3538
2021-02-25,FR007利率互换收盘曲线,16:30,报卖,2.3271,2.5275,2.6025,2.6450,2.6775,2.7906,2.8950,2.9834,3.0625,3.2125,3.3775
2021-02-24,FR007利率互换收盘曲线,16:30,报买,2.3274,2.5025,2.5875,2.6300,2.6675,2.7725,2.8732,2.9638,3.0475,3.1700,3.3225
2021-02-24,FR007利率互换收盘曲线,16:30,均值,2.3326,2.5211,2.5901,2.6350,2.6700,2.7776,2.8778,2.9681,3.0490,3.1888,3.3475
2021-02-24,FR007利率互换收盘曲线,16:30,报卖,2.3378,2.5398,2.5927,2.6400,2.6725,2.7826,2.8825,2.9725,3.0505,3.2075,3.3725
2021-02-23,FR007利率互换收盘曲线,16:30,报买,2.4333,2.5197,2.6024,2.6375,2.6770,2.7850,2.8893,2.9775,3.0623,3.1822,3.3271
2021-02-23,FR007利率互换收盘曲线,16:30,均值,2.4392,2.5411,2.6049,2.6413,2.6785,2.7875,2.8922,2.9792,3.0637,3.1976,3.3471
2021-02-23,FR007利率互换收盘曲线,16:30,报卖,2.4452,2.5625,2.6075,2.6450,2.6800,2.7900,2.8950,2.9808,3.0650,3.2131,3.3671
2021-02-22,FR007利率互换收盘曲线,16:30,报买,2.4354,2.5275,2.6100,2.6525,2.6925,2.8050,2.9075,2.9950,3.0800,3.2000,3.3425
2021-02-22,FR007利率互换收盘曲线,16:30,均值,2.4406,2.5463,2.6150,2.6563,2.6938,2.8075,2.9088,3.0000,3.0825,3.2163,3.3638
2021-02-22,FR007利率互换收盘曲线,16:30,报卖,2.4459,2.5650,2.6200,2.6600,2.6950,2.8100,2.9100,3.0050,3.0850,3.2325,3.3850
2021-02-20,FR007利率互换收盘曲线,16:30,报买,2.1362,2.4900,2.5875,2.6325,2.6800,2.7850,2.8900,2.9775,3.0696,3.1875,3.3218
2021-02-20,FR007利率互换收盘曲线,16:30,均值,2.1431,2.5150,2.6088,2.6488,2.6825,2.7950,2.9038,2.9888,3.0710,3.2098,3.3554
2021-02-20,FR007利率互换收盘曲线,16:30,报卖,2.1501,2.5400,2.6300,2.6650,2.6850,2.8050,2.9175,3.0000,3.0725,3.2321,3.3891
2021-02-19,FR007利率互换收盘曲线,16:30,报买,2.2072,2.5375,2.6125,2.6525,2.6875,2.8005,2.9025,2.9900,3.0750,3.1925,3.3313
2021-02-19,FR007利率互换收盘曲线,16:30,均值,2.2113,2.5525,2.6150,2.6539,2.6888,2.8038,2.9050,2.9932,3.0763,3.2113,3.3569
2021-02-19,FR007利率互换收盘曲线,16:30,报卖,2.2155,2.5675,2.6175,2.6553,2.6900,2.8070,2.9075,2.9964,3.0775,3.2300,3.3825
2021-02-18,FR007利率互换收盘曲线,16:30,报买,2.3028,2.5700,2.6600,2.6950,2.7250,2.8325,2.9325,3.0200,3.1125,3.2175,3.3675
2021-02-18,FR007利率互换收盘曲线,16:30,均值,2.3115,2.6013,2.6650,2.6963,2.7263,2.8363,2.9463,3.0300,3.1150,3.2463,3.3950
2021-02-18,FR007利率互换收盘曲线,16:30,报卖,2.3202,2.6325,2.6700,2.6975,2.7275,2.8400,2.9600,3.0400,3.1175,3.2750,3.4225
2021-04-12,FR007利率互换收盘曲线,16:30,报买,2.1029,2.3703,2.4553,2.5150,2.5600,2.6684,2.7750,2.8675,2.9513,3.0750,3.2200
2021-04-12,FR007利率互换收盘曲线,16:30,均值,2.1036,2.3727,2.4577,2.5188,2.5613,2.6729,2.7804,2.8690,2.9527,3.0892,3.2367
2021-04-12,FR007利率互换收盘曲线,16:30,报卖,2.1042,2.3750,2.4600,2.5225,2.5625,2.6775,2.7858,2.8705,2.9542,3.1033,3.2534
2021-04-09,FR007利率互换收盘曲线,16:30,报买,2.0653,2.3650,2.4675,2.5300,2.5725,2.6899,2.7975,2.8900,2.9725,3.0950,3.2400
2021-04-09,FR007利率互换收盘曲线,16:30,均值,2.0664,2.3688,2.4700,2.5330,2.5738,2.6937,2.8025,2.8925,2.9738,3.1125,3.2613
2021-04-09,FR007利率互换收盘曲线,16:30,报卖,2.0674,2.3725,2.4725,2.5360,2.5750,2.6975,2.8075,2.8950,2.9750,3.1300,3.2825
2021-04-08,FR007利率互换收盘曲线,16:30,报买,2.0695,2.3800,2.4850,2.5474,2.5919,2.7075,2.8125,2.9050,2.9884,3.1084,3.2459
2021-04-08,FR007利率互换收盘曲线,16:30,均值,2.0716,2.3875,2.4875,2.5487,2.5931,2.7113,2.8150,2.9088,2.9896,3.1267,3.2667
2021-04-08,FR007利率互换收盘曲线,16:30,报卖,2.0737,2.3950,2.4900,2.5500,2.5944,2.7150,2.8175,2.9125,2.9909,3.1450,3.2875
2021-04-07,FR007利率互换收盘曲线,16:30,报买,2.0513,2.3925,2.4809,2.5500,2.5925,2.7050,2.8100,2.9025,2.9900,3.1125,3.2575
2021-04-07,FR007利率互换收盘曲线,16:30,均值,2.0517,2.3938,2.4854,2.5538,2.5938,2.7100,2.8138,2.9050,2.9913,3.1263,3.2688
2021-04-07,FR007利率互换收盘曲线,16:30,报卖,2.0520,2.3950,2.4900,2.5575,2.5950,2.7150,2.8175,2.9075,2.9925,3.1400,3.2800
2021-04-06,FR007利率互换收盘曲线,16:30,报买,2.1160,2.4175,2.4919,2.5450,2.5850,2.6950,2.7969,2.8895,2.9775,3.0975,3.2370
2021-04-06,FR007利率互换收盘曲线,16:30,均值,2.1164,2.4188,2.4960,2.5488,2.5875,2.7001,2.8001,2.8941,2.9788,3.1144,3.2572
2021-04-06,FR007利率互换收盘曲线,16:30,报卖,2.1167,2.4200,2.5000,2.5525,2.5900,2.7053,2.8033,2.8986,2.9801,3.1314,3.2775
2021-04-02,FR007利率互换收盘曲线,16:30,报买,2.2050,2.4000,2.4800,2.5350,2.5725,2.6825,2.7825,2.8725,2.9625,3.0625,3.2075
2021-04-02,FR007利率互换收盘曲线,16:30,均值,2.2078,2.4100,2.4838,2.5375,2.5738,2.6863,2.7863,2.8763,2.9638,3.0950,3.2413
2021-04-02,FR007利率互换收盘曲线,16:30,报卖,2.2106,2.4200,2.4875,2.5400,2.5750,2.6900,2.7900,2.8800,2.9650,3.1275,3.2750
2021-04-01,FR007利率互换收盘曲线,16:30,报买,2.2221,2.4075,2.4850,2.5350,2.5725,2.6850,2.7850,2.8700,2.9575,3.0925,3.2325
2021-04-01,FR007利率互换收盘曲线,16:30,均值,2.2238,2.4138,2.4900,2.5400,2.5750,2.6875,2.7875,2.8738,2.9588,3.1025,3.2463
2021-04-01,FR007利率互换收盘曲线,16:30,报卖,2.2255,2.4200,2.4950,2.5450,2.5775,2.6900,2.7900,2.8775,2.9600,3.1125,3.2600
2021-03-31,FR007利率互换收盘曲线,16:30,报买,2.5194,2.4400,2.4900,2.5300,2.5675,2.6750,2.7725,2.8600,2.9475,3.0640,3.2100
2021-03-31,FR007利率互换收盘曲线,16:30,均值,2.5209,2.4452,2.4938,2.5363,2.5688,2.6775,2.7750,2.8650,2.9488,3.0832,3.2338
2021-03-31,FR007利率互换收盘曲线,16:30,报卖,2.5223,2.4504,2.4975,2.5425,2.5700,2.6800,2.7775,2.8700,2.9500,3.1025,3.2575
2021-03-30,FR007利率互换收盘曲线,16:30,报买,2.4056,2.4200,2.4950,2.5450,2.5850,2.6900,2.7900,2.8800,2.9700,3.0897,3.2325
2021-03-30,FR007利率互换收盘曲线,16:30,均值,2.4097,2.4350,2.5025,2.5513,2.5875,2.6950,2.7963,2.8850,2.9713,3.1061,3.2550
2021-03-30,FR007利率互换收盘曲线,16:30,报卖,2.4139,2.4500,2.5100,2.5575,2.5900,2.7000,2.8025,2.8900,2.9725,3.1225,3.2775
2021-03-29,FR007利率互换收盘曲线,16:30,报买,2.4069,2.4250,2.4950,2.5439,2.5775,2.6850,2.7792,2.8700,2.9539,3.0750,3.2175
2021-03-29,FR007利率互换收盘曲线,16:30,均值,2.4104,2.4375,2.5013,2.5462,2.5800,2.6897,2.7846,2.8725,2.9554,3.0935,3.2436
2021-03-29,FR007利率互换收盘曲线,16:30,报卖,2.4139,2.4500,2.5075,2.5485,2.5825,2.6943,2.7900,2.8750,2.9570,3.1119,3.2696
2021-03-26,FR007利率互换收盘曲线,16:30,报买,2.4466,2.4377,2.5000,2.5450,2.5825,2.6850,2.7750,2.8650,2.9550,3.0750,3.2200
2021-03-26,FR007利率互换收盘曲线,16:30,均值,2.4493,2.4476,2.5059,2.5488,2.5838,2.6888,2.7813,2.8700,2.9563,3.0900,3.2363
2021-03-26,FR007利率互换收盘曲线,16:30,报卖,2.4521,2.4575,2.5119,2.5525,2.5850,2.6925,2.7875,2.8750,2.9575,3.1050,3.2525
2021-03-25,FR007利率互换收盘曲线,16:30,报买,2.3134,2.4000,2.4800,2.5200,2.5625,2.6650,2.7600,2.8500,2.9350,3.0550,3.2025
2021-03-25,FR007利率互换收盘曲线,16:30,均值,2.3165,2.4113,2.4838,2.5263,2.5650,2.6675,2.7638,2.8538,2.9363,3.0713,3.2238
2021-03-25,FR007利率互换收盘曲线,16:30,报卖,2.3196,2.4225,2.4875,2.5325,2.5675,2.6700,2.7675,2.8575,2.9375,3.0875,3.2450
2021-03-24,FR007利率互换收盘曲线,16:30,报买,2.1106,2.3979,2.4802,2.5350,2.5707,2.6775,2.7700,2.8600,2.9500,3.0850,3.2175
2021-03-24,FR007利率互换收盘曲线,16:30,均值,2.1115,2.4012,2.4864,2.5375,2.5725,2.6800,2.7738,2.8650,2.9513,3.0946,3.2346
2021-03-24,FR007利率互换收盘曲线,16:30,报卖,2.1124,2.4045,2.4925,2.5400,2.5743,2.6825,2.7775,2.8700,2.9525,3.1042,3.2517
2021-03-23,FR007利率互换收盘曲线,16:30,报买,2.1966,2.4225,2.5025,2.5557,2.6002,2.7064,2.8126,2.8833,2.9917,3.1144,3.2686
2021-03-23,FR007利率互换收盘曲线,16:30,均值,2.1993,2.4325,2.5113,2.5634,2.6018,2.7107,2.8163,2.8985,2.9931,3.1387,3.2956
2021-03-23,FR007利率互换收盘曲线,16:30,报卖,2.2021,2.4425,2.5200,2.5711,2.6034,2.7150,2.8200,2.9137,2.9944,3.1629,3.3225
2021-03-22,FR007利率互换收盘曲线,16:30,报买,2.2271,2.4275,2.5275,2.5825,2.6225,2.7350,2.8375,2.9275,3.0175,3.1400,3.2950
2021-03-22,FR007利率互换收盘曲线,16:30,均值,2.2307,2.4402,2.5300,2.5838,2.6238,2.7375,2.8388,2.9300,3.0188,3.1588,3.3150
2021-03-22,FR007利率互换收盘曲线,16:30,报卖,2.2342,2.4530,2.5325,2.5850,2.6250,2.7400,2.8400,2.9325,3.0200,3.1775,3.3350
2021-03-19,FR007利率互换收盘曲线,16:30,报买,2.2688,2.4475,2.5425,2.5875,2.6300,2.7425,2.8425,2.9375,3.0225,3.1550,3.3000
2021-03-19,FR007利率互换收盘曲线,16:30,均值,2.2709,2.4550,2.5488,2.5938,2.6313,2.7463,2.8463,2.9413,3.0246,3.1688,3.3188
2021-03-19,FR007利率互换收盘曲线,16:30,报卖,2.2730,2.4625,2.5550,2.6000,2.6325,2.7500,2.8500,2.9450,3.0266,3.1825,3.3375
2021-03-18,FR007利率互换收盘曲线,16:30,报买,2.2571,2.4575,2.5550,2.6050,2.6525,2.7625,2.8725,2.9600,3.0488,3.1734,3.3250
2021-03-18,FR007利率互换收盘曲线,16:30,均值,2.2603,2.4688,2.5650,2.6125,2.6540,2.7675,2.8750,2.9625,3.0507,3.1905,3.3438
2021-03-18,FR007利率互换收盘曲线,16:30,报卖,2.2634,2.4800,2.5750,2.6200,2.6554,2.7725,2.8775,2.9650,3.0525,3.2075,3.3625
2021-03-17,FR007利率互换收盘曲线,16:30,报买,2.2355,2.4575,2.5550,2.6000,2.6450,2.7550,2.8550,2.9475,3.0350,3.1600,3.3125
2021-03-17,FR007利率互换收盘曲线,16:30,均值,2.2379,2.4663,2.5575,2.6038,2.6463,2.7588,2.8588,2.9513,3.0363,3.1763,3.3313
2021-03-17,FR007利率互换收盘曲线,16:30,报卖,2.2403,2.4750,2.5600,2.6075,2.6475,2.7625,2.8625,2.9550,3.0375,3.1925,3.3500
2021-03-16,FR007利率互换收盘曲线,16:30,报买,2.3205,2.4775,2.5750,2.6150,2.6600,2.7700,2.8675,2.9600,3.0475,3.1700,3.3250
2021-03-16,FR007利率互换收盘曲线,16:30,均值,2.3232,2.4875,2.5775,2.6188,2.6613,2.7725,2.8725,2.9625,3.0488,3.1875,3.3425
2021-03-16,FR007利率互换收盘曲线,16:30,报卖,2.3260,2.4975,2.5800,2.6225,2.6625,2.7750,2.8775,2.9650,3.0500,3.2050,3.3600
2021-03-15,FR007利率互换收盘曲线,16:30,报买,2.3425,2.5050,2.5825,2.6300,2.6688,2.7775,2.8775,2.9675,3.0567,3.1770,3.3250
2021-03-15,FR007利率互换收盘曲线,16:30,均值,2.3439,2.5100,2.5875,2.6325,2.6700,2.7800,2.8800,2.9725,3.0580,3.1960,3.3500
2021-03-15,FR007利率互换收盘曲线,16:30,报卖,2.3453,2.5150,2.5925,2.6350,2.6713,2.7825,2.8825,2.9775,3.0593,3.2150,3.3750
2021-03-12,FR007利率互换收盘曲线,16:30,报买,2.2014,2.4650,2.5542,2.6050,2.6500,2.7575,2.8625,2.9550,3.0413,3.1634,3.3200
2021-03-12,FR007利率互换收盘曲线,16:30,均值,2.2035,2.4725,2.5621,2.6113,2.6525,2.7638,2.8675,2.9575,3.0432,3.1817,3.3375
2021-03-12,FR007利率互换收盘曲线,16:30,报卖,2.2056,2.4800,2.5700,2.6175,2.6550,2.7700,2.8725,2.9600,3.0450,3.2000,3.3550
2021-05-12,FR007利率互换收盘曲线,16:30,报买,2.0785,2.2825,2.3590,2.4175,2.4675,2.5850,2.6925,2.7850,2.8713,2.9985,3.1425
2021-05-12,FR007利率互换收盘曲线,16:30,均值,2.0803,2.2888,2.3657,2.4238,2.4689,2.5893,2.6975,2.7888,2.8732,3.0138,3.1650
2021-05-12,FR007利率互换收盘曲线,16:30,报卖,2.0820,2.2950,2.3725,2.4300,2.4703,2.5935,2.7025,2.7925,2.8750,3.0290,3.1875
2021-05-11,FR007利率互换收盘曲线,16:30,报买,2.0737,2.2650,2.3425,2.4125,2.4528,2.5800,2.6800,2.7750,2.8624,3.0000,3.1400
2021-05-11,FR007利率互换收盘曲线,16:30,均值,2.0745,2.2679,2.3475,2.4150,2.4552,2.5838,2.6850,2.7800,2.8635,3.0088,3.1588
2021-05-11,FR007利率互换收盘曲线,16:30,报卖,2.0753,2.2708,2.3525,2.4175,2.4575,2.5875,2.6900,2.7850,2.8646,3.0175,3.1775
2021-05-10,FR007利率互换收盘曲线,16:30,报买,1.9980,2.2525,2.3325,2.4025,2.4575,2.5850,2.6900,2.7825,2.8778,3.0052,3.1452
2021-05-10,FR007利率互换收盘曲线,16:30,均值,2.0018,2.2663,2.3413,2.4113,2.4598,2.5886,2.6963,2.7913,2.8797,3.0226,3.1724
2021-05-10,FR007利率互换收盘曲线,16:30,报卖,2.0056,2.2800,2.3500,2.4200,2.4622,2.5922,2.7025,2.8000,2.8817,3.0400,3.1996
2021-05-08,FR007利率互换收盘曲线,16:30,报买,1.9640,2.2600,2.3450,2.4116,2.4800,2.6000,2.7100,2.8000,2.9000,3.0100,3.1500
2021-05-08,FR007利率互换收盘曲线,16:30,均值,1.9716,2.2875,2.3663,2.4258,2.4825,2.6088,2.7234,2.8100,2.9013,3.0450,3.1938
2021-05-08,FR007利率互换收盘曲线,16:30,报卖,1.9792,2.3150,2.3875,2.4400,2.4850,2.6175,2.7367,2.8200,2.9025,3.0800,3.2375
2021-05-07,FR007利率互换收盘曲线,16:30,报买,2.0717,2.3075,2.3750,2.4425,2.4925,2.6175,2.7209,2.8150,2.9038,3.0300,3.1800
2021-05-07,FR007利率互换收盘曲线,16:30,均值,2.0731,2.3125,2.3803,2.4488,2.4950,2.6213,2.7271,2.8204,2.9057,3.0463,3.1975
2021-05-07,FR007利率互换收盘曲线,16:30,报卖,2.0745,2.3175,2.3856,2.4550,2.4975,2.6250,2.7334,2.8258,2.9075,3.0625,3.2150
2021-05-06,FR007利率互换收盘曲线,16:30,报买,2.1833,2.3217,2.3898,2.4573,2.5046,2.6248,2.7249,2.8224,2.9025,3.0300,3.1781
2021-05-06,FR007利率互换收盘曲线,16:30,均值,2.1842,2.3252,2.3949,2.4624,2.5060,2.6274,2.7287,2.8249,2.9043,3.0450,3.1961
2021-05-06,FR007利率互换收盘曲线,16:30,报卖,2.1852,2.3286,2.4000,2.4675,2.5075,2.6300,2.7325,2.8275,2.9060,3.0600,3.2141
2021-04-30,FR007利率互换收盘曲线,16:30,报买,2.3531,2.3350,2.4050,2.4600,2.5154,2.6300,2.7300,2.8175,2.9091,3.0361,3.1875
2021-04-30,FR007利率互换收盘曲线,16:30,均值,2.3544,2.3400,2.4075,2.4670,2.5166,2.6352,2.7390,2.8263,2.9109,3.0531,3.2070
2021-04-30,FR007利率互换收盘曲线,16:30,报卖,2.3558,2.3450,2.4100,2.4740,2.5178,2.6404,2.7480,2.8350,2.9126,3.0702,3.2266
2021-04-29,FR007利率互换收盘曲线,16:30,报买,2.3111,2.3400,2.4150,2.4800,2.5261,2.6475,2.7550,2.8475,2.9317,3.0600,3.2050
2021-04-29,FR007利率互换收盘曲线,16:30,均值,2.3125,2.3450,2.4175,2.4850,2.5281,2.6513,2.7613,2.8525,2.9333,3.0700,3.2213
2021-04-29,FR007利率互换收盘曲线,16:30,报卖,2.3139,2.3500,2.4200,2.4900,2.5300,2.6550,2.7675,2.8575,2.9350,3.0800,3.2375
2021-04-28,FR007利率互换收盘曲线,16:30,报买,2.2495,2.3300,2.4150,2.4775,2.5225,2.6500,2.7600,2.8500,2.9325,3.0575,3.2050
2021-04-28,FR007利率互换收盘曲线,16:30,均值,2.2516,2.3375,2.4175,2.4813,2.5250,2.6525,2.7625,2.8525,2.9338,3.0725,3.2238
2021-04-28,FR007利率互换收盘曲线,16:30,报卖,2.2537,2.3450,2.4200,2.4850,2.5275,2.6550,2.7650,2.8550,2.9350,3.0875,3.2425
2021-04-27,FR007利率互换收盘曲线,16:30,报买,2.3139,2.3500,2.4325,2.4950,2.5400,2.6600,2.7725,2.8625,2.9500,3.0725,3.2175
2021-04-27,FR007利率互换收盘曲线,16:30,均值,2.3146,2.3525,2.4350,2.5013,2.5413,2.6638,2.7763,2.8688,2.9513,3.0850,3.2338
2021-04-27,FR007利率互换收盘曲线,16:30,报卖,2.3153,2.3550,2.4375,2.5075,2.5425,2.6675,2.7800,2.8750,2.9525,3.0975,3.2500
2021-04-26,FR007利率互换收盘曲线,16:30,报买,2.3174,2.3625,2.4475,2.5025,2.5425,2.6625,2.7700,2.8600,2.9475,3.0700,3.2138
2021-04-26,FR007利率互换收盘曲线,16:30,均值,2.3184,2.3663,2.4500,2.5063,2.5450,2.6638,2.7763,2.8675,2.9488,3.0838,3.2269
2021-04-26,FR007利率互换收盘曲线,16:30,报卖,2.3195,2.3700,2.4525,2.5100,2.5475,2.6650,2.7825,2.8750,2.9500,3.0975,3.2400
2021-04-25,FR007利率互换收盘曲线,16:30,报买,2.2431,2.3550,2.4375,2.4950,2.5350,2.6500,2.7575,2.8475,2.9325,3.0400,3.1950
2021-04-25,FR007利率互换收盘曲线,16:30,均值,2.2438,2.3575,2.4413,2.5000,2.5375,2.6550,2.7613,2.8513,2.9338,3.0575,3.2063
2021-04-25,FR007利率互换收盘曲线,16:30,报卖,2.2445,2.3600,2.4450,2.5050,2.5400,2.6600,2.7650,2.8550,2.9350,3.0750,3.2175
2021-04-23,FR007利率互换收盘曲线,16:30,报买,2.1811,2.3400,2.4125,2.4725,2.5106,2.6233,2.7306,2.8231,2.9061,3.0048,3.1748
2021-04-23,FR007利率互换收盘曲线,16:30,均值,2.1825,2.3450,2.4175,2.4750,2.5125,2.6293,2.7354,2.8279,2.9081,3.0317,3.1924
2021-04-23,FR007利率互换收盘曲线,16:30,报卖,2.1839,2.3500,2.4225,2.4775,2.5144,2.6353,2.7403,2.8327,2.9100,3.0585,3.2100
2021-04-22,FR007利率互换收盘曲线,16:30,报买,2.1949,2.3375,2.4019,2.4600,2.5000,2.6175,2.7175,2.8099,2.8925,3.0275,3.1650
2021-04-22,FR007利率互换收盘曲线,16:30,均值,2.1952,2.3388,2.4072,2.4638,2.5013,2.6188,2.7200,2.8124,2.8938,3.0338,3.1775
2021-04-22,FR007利率互换收盘曲线,16:30,报卖,2.1956,2.3400,2.4125,2.4675,2.5025,2.6200,2.7225,2.8150,2.8950,3.0400,3.1900
2021-04-21,FR007利率互换收盘曲线,16:30,报买,2.1646,2.3325,2.4000,2.4600,2.4950,2.6145,2.7139,2.8024,2.8868,3.0138,3.1579
2021-04-21,FR007利率互换收盘曲线,16:30,均值,2.1657,2.3363,2.4025,2.4625,2.4975,2.6162,2.7173,2.8088,2.8873,3.0244,3.1729
2021-04-21,FR007利率互换收盘曲线,16:30,报卖,2.1667,2.3400,2.4050,2.4650,2.5000,2.6179,2.7206,2.8153,2.8877,3.0350,3.1880
2021-04-20,FR007利率互换收盘曲线,16:30,报买,2.2547,2.3450,2.4100,2.4620,2.4975,2.6125,2.7175,2.8000,2.8825,3.0050,3.1475
2021-04-20,FR007利率互换收盘曲线,16:30,均值,2.2558,2.3488,2.4150,2.4673,2.4988,2.6163,2.7188,2.8050,2.8838,3.0200,3.1700
2021-04-20,FR007利率互换收盘曲线,16:30,报卖,2.2568,2.3525,2.4200,2.4725,2.5002,2.6200,2.7200,2.8100,2.8850,3.0350,3.1925
2021-04-19,FR007利率互换收盘曲线,16:30,报买,2.2806,2.3600,2.4225,2.4725,2.5075,2.6225,2.7225,2.8125,2.8909,3.0106,3.1575
2021-04-19,FR007利率互换收盘曲线,16:30,均值,2.2820,2.3650,2.4229,2.4763,2.5094,2.6238,2.7263,2.8150,2.8929,3.0278,3.1750
2021-04-19,FR007利率互换收盘曲线,16:30,报卖,2.2834,2.3700,2.4232,2.4800,2.5114,2.6250,2.7300,2.8175,2.8950,3.0450,3.1925
2021-04-16,FR007利率互换收盘曲线,16:30,报买,2.2405,2.3631,2.4300,2.4800,2.5225,2.6350,2.7325,2.8250,2.9082,3.0279,3.1725
2021-04-16,FR007利率互换收盘曲线,16:30,均值,2.2423,2.3697,2.4350,2.4888,2.5238,2.6375,2.7400,2.8288,2.9095,3.0464,3.1913
2021-04-16,FR007利率互换收盘曲线,16:30,报卖,2.2442,2.3763,2.4400,2.4975,2.5251,2.6400,2.7475,2.8326,2.9108,3.0650,3.2100
2021-04-15,FR007利率互换收盘曲线,16:30,报买,2.1334,2.3500,2.4225,2.4825,2.5225,2.6375,2.7425,2.8300,2.9150,3.0350,3.1825
2021-04-15,FR007利率互换收盘曲线,16:30,均值,2.1344,2.3538,2.4288,2.4850,2.5238,2.6400,2.7450,2.8338,2.9163,3.0513,3.2000
2021-04-15,FR007利率互换收盘曲线,16:30,报卖,2.1355,2.3575,2.4350,2.4875,2.5250,2.6425,2.7475,2.8375,2.9175,3.0675,3.2175
2021-04-14,FR007利率互换收盘曲线,16:30,报买,2.0945,2.3400,2.4100,2.4700,2.5050,2.6225,2.7225,2.8150,2.8950,3.0025,3.1575
2021-04-14,FR007利率互换收盘曲线,16:30,均值,2.0952,2.3425,2.4125,2.4725,2.5063,2.6250,2.7263,2.8163,2.8963,3.0288,3.1813
2021-04-14,FR007利率互换收盘曲线,16:30,报卖,2.0959,2.3450,2.4150,2.4750,2.5075,2.6275,2.7300,2.8175,2.8975,3.0550,3.2050
2021-04-13,FR007利率互换收盘曲线,16:30,报买,2.0945,2.3400,2.4100,2.4675,2.5075,2.6175,2.7200,2.8125,2.8950,3.0175,3.1650
2021-04-13,FR007利率互换收盘曲线,16:30,均值,2.0966,2.3475,2.4150,2.4725,2.5088,2.6213,2.7215,2.8163,2.8975,3.0338,3.1816
2021-04-13,FR007利率互换收盘曲线,16:30,报卖,2.0987,2.3550,2.4200,2.4775,2.5101,2.6250,2.7230,2.8200,2.9000,3.0500,3.1982
2021-04-12,FR007利率互换收盘曲线,16:30,报买,2.1029,2.3703,2.4553,2.5150,2.5600,2.6684,2.7750,2.8675,2.9513,3.0750,3.2200
2021-04-12,FR007利率互换收盘曲线,16:30,均值,2.1036,2.3727,2.4577,2.5188,2.5613,2.6729,2.7804,2.8690,2.9527,3.0892,3.2367
2021-04-12,FR007利率互换收盘曲线,16:30,报卖,2.1042,2.3750,2.4600,2.5225,2.5625,2.6775,2.7858,2.8705,2.9542,3.1033,3.2534
2021-06-11,FR007利率互换收盘曲线,16:30,报买,2.2129,2.3700,2.4350,2.4950,2.5425,2.6650,2.7775,2.8700,2.9575,3.0750,3.2125
2021-06-11,FR007利率互换收盘曲线,16:30,均值,2.2136,2.3725,2.4400,2.4963,2.5438,2.6700,2.7788,2.8745,2.9588,3.0850,3.2325
2021-06-11,FR007利率互换收盘曲线,16:30,报卖,2.2143,2.3750,2.4450,2.4975,2.5450,2.6750,2.7800,2.8789,2.9600,3.0950,3.2525
2021-06-10,FR007利率互换收盘曲线,16:30,报买,2.2021,2.3375,2.4175,2.4750,2.5225,2.6450,2.7450,2.8425,2.9325,3.0525,3.1875
2021-06-10,FR007利率互换收盘曲线,16:30,均值,2.2045,2.3463,2.4213,2.4788,2.5263,2.6475,2.7538,2.8513,2.9350,3.0675,3.2088
2021-06-10,FR007利率互换收盘曲线,16:30,报卖,2.2070,2.3550,2.4250,2.4825,2.5300,2.6500,2.7625,2.8600,2.9375,3.0825,3.2300
2021-06-09,FR007利率互换收盘曲线,16:30,报买,2.3222,2.3800,2.4350,2.4829,2.5315,2.6500,2.7592,2.8538,2.9367,3.0548,3.2018
2021-06-09,FR007利率互换收盘曲线,16:30,均值,2.3236,2.3850,2.4388,2.4890,2.5333,2.6539,2.7646,2.8581,2.9381,3.0699,3.2172
2021-06-09,FR007利率互换收盘曲线,16:30,报卖,2.3250,2.3900,2.4425,2.4950,2.5350,2.6578,2.7700,2.8625,2.9394,3.0850,3.2325
2021-06-08,FR007利率互换收盘曲线,16:30,报买,2.3195,2.3700,2.4325,2.4850,2.5350,2.6550,2.7625,2.8575,2.9433,3.0625,3.2050
2021-06-08,FR007利率互换收盘曲线,16:30,均值,2.3208,2.3750,2.4350,2.4888,2.5375,2.6592,2.7675,2.8613,2.9447,3.0767,3.2225
2021-06-08,FR007利率互换收盘曲线,16:30,报卖,2.3222,2.3800,2.4375,2.4925,2.5400,2.6634,2.7725,2.8650,2.9461,3.0908,3.2400
2021-06-07,FR007利率互换收盘曲线,16:30,报买,2.3195,2.3700,2.4325,2.4900,2.5325,2.6475,2.7575,2.8500,2.9375,3.0600,3.2075
2021-06-07,FR007利率互换收盘曲线,16:30,均值,2.3202,2.3725,2.4363,2.4925,2.5338,2.6525,2.7625,2.8563,2.9388,3.0725,3.2213
2021-06-07,FR007利率互换收盘曲线,16:30,报卖,2.3208,2.3750,2.4400,2.4950,2.5350,2.6575,2.7675,2.8625,2.9400,3.0850,3.2350
2021-06-04,FR007利率互换收盘曲线,16:30,报买,2.2007,2.3325,2.4063,2.4600,2.5100,2.6325,2.7360,2.8285,2.9200,3.0373,3.1825
2021-06-04,FR007利率互换收盘曲线,16:30,均值,2.2030,2.3409,2.4106,2.4650,2.5117,2.6375,2.7409,2.8342,2.9217,3.0521,3.1938
2021-06-04,FR007利率互换收盘曲线,16:30,报卖,2.2054,2.3492,2.4150,2.4700,2.5133,2.6425,2.7459,2.8400,2.9233,3.0669,3.2050
2021-06-03,FR007利率互换收盘曲线,16:30,报买,2.1529,2.2925,2.3600,2.4150,2.4675,2.5875,2.6975,2.7875,2.8725,2.9925,3.1400
2021-06-03,FR007利率互换收盘曲线,16:30,均值,2.1546,2.2988,2.3650,2.4213,2.4700,2.5925,2.6988,2.7931,2.8738,3.0063,3.1563
2021-06-03,FR007利率互换收盘曲线,16:30,报卖,2.1563,2.3050,2.3700,2.4275,2.4725,2.5975,2.7000,2.7988,2.8750,3.0200,3.1725
2021-06-02,FR007利率互换收盘曲线,16:30,报买,2.2406,2.3200,2.3875,2.4375,2.4875,2.6075,2.7175,2.8050,2.8900,3.0150,3.1650
2021-06-02,FR007利率互换收盘曲线,16:30,均值,2.2423,2.3263,2.3900,2.4413,2.4888,2.6103,2.7190,2.8088,2.8913,3.0275,3.1725
2021-06-02,FR007利率互换收盘曲线,16:30,报卖,2.2440,2.3325,2.3925,2.4450,2.4900,2.6130,2.7204,2.8125,2.8925,3.0400,3.1800
2021-06-01,FR007利率互换收盘曲线,16:30,报买,2.2715,2.3275,2.3875,2.4325,2.4750,2.5947,2.6950,2.7881,2.8725,2.9950,3.1425
2021-06-01,FR007利率互换收盘曲线,16:30,均值,2.2729,2.3325,2.3888,2.4363,2.4763,2.5988,2.7002,2.7920,2.8743,3.0075,3.1575
2021-06-01,FR007利率互换收盘曲线,16:30,报卖,2.2743,2.3375,2.3900,2.4400,2.4775,2.6029,2.7054,2.7960,2.8762,3.0200,3.1725
2021-05-31,FR007利率互换收盘曲线,16:30,报买,2.5715,2.3675,2.4092,2.4475,2.4854,2.6025,2.7019,2.7925,2.8750,3.0000,3.1475
2021-05-31,FR007利率互换收盘曲线,16:30,均值,2.5718,2.3688,2.4121,2.4488,2.4869,2.6063,2.7038,2.7950,2.8763,3.0125,3.1625
2021-05-31,FR007利率互换收盘曲线,16:30,报卖,2.5722,2.3700,2.4150,2.4500,2.4883,2.6100,2.7056,2.7975,2.8775,3.0250,3.1775
2021-05-28,FR007利率互换收盘曲线,16:30,报买,2.3840,2.3425,2.3900,2.4400,2.4825,2.6025,2.7025,2.7950,2.8795,3.0025,3.1525
2021-05-28,FR007利率互换收盘曲线,16:30,均值,2.3871,2.3538,2.3975,2.4450,2.4838,2.6063,2.7050,2.7988,2.8805,3.0161,3.1685
2021-05-28,FR007利率互换收盘曲线,16:30,报卖,2.3903,2.3650,2.4050,2.4500,2.4850,2.6100,2.7075,2.8025,2.8815,3.0296,3.1844
2021-05-27,FR007利率互换收盘曲线,16:30,报买,2.3431,2.3250,2.3750,2.4250,2.4675,2.5875,2.6896,2.7825,2.8650,2.9875,3.1425
2021-05-27,FR007利率互换收盘曲线,16:30,均值,2.3441,2.3288,2.3775,2.4272,2.4688,2.5900,2.6926,2.7850,2.8663,3.0013,3.1513
2021-05-27,FR007利率互换收盘曲线,16:30,报卖,2.3451,2.3325,2.3800,2.4294,2.4700,2.5925,2.6957,2.7875,2.8675,3.0150,3.1600
2021-05-26,FR007利率互换收盘曲线,16:30,报买,2.3361,2.3000,2.3550,2.4000,2.4475,2.5725,2.6725,2.7600,2.8450,2.9700,3.1175
2021-05-26,FR007利率互换收盘曲线,16:30,均值,2.3396,2.3125,2.3613,2.4075,2.4513,2.5750,2.6763,2.7650,2.8463,2.9841,3.1350
2021-05-26,FR007利率互换收盘曲线,16:30,报卖,2.3431,2.3250,2.3675,2.4150,2.4550,2.5775,2.6800,2.7700,2.8475,2.9982,3.1525
2021-05-25,FR007利率互换收盘曲线,16:30,报买,2.3757,2.3125,2.3625,2.4125,2.4550,2.5775,2.6800,2.7700,2.8525,2.9825,3.1325
2021-05-25,FR007利率互换收盘曲线,16:30,均值,2.3788,2.3238,2.3675,2.4163,2.4575,2.5788,2.6838,2.7750,2.8543,2.9948,3.1470
2021-05-25,FR007利率互换收盘曲线,16:30,报卖,2.3819,2.3350,2.3725,2.4200,2.4600,2.5800,2.6875,2.7800,2.8562,3.0071,3.1616
2021-05-24,FR007利率互换收盘曲线,16:30,报买,2.1759,2.2950,2.3625,2.4150,2.4575,2.5825,2.6800,2.7725,2.8575,2.9825,3.1325
2021-05-24,FR007利率互换收盘曲线,16:30,均值,2.1779,2.3025,2.3663,2.4175,2.4588,2.5850,2.6825,2.7763,2.8580,2.9963,3.1463
2021-05-24,FR007利率互换收盘曲线,16:30,报卖,2.1800,2.3100,2.3700,2.4200,2.4600,2.5875,2.6850,2.7800,2.8585,3.0100,3.1600
2021-05-21,FR007利率互换收盘曲线,16:30,报买,2.1861,2.2800,2.3350,2.3900,2.4422,2.5625,2.6675,2.7550,2.8368,2.9700,3.1125
2021-05-21,FR007利率互换收盘曲线,16:30,均值,2.1882,2.2875,2.3425,2.3975,2.4436,2.5648,2.6700,2.7591,2.8379,2.9809,3.1296
2021-05-21,FR007利率互换收盘曲线,16:30,报卖,2.1903,2.2950,2.3500,2.4050,2.4450,2.5672,2.6725,2.7632,2.8391,2.9917,3.1467
2021-05-20,FR007利率互换收盘曲线,16:30,报买,2.2034,2.2903,2.3473,2.4072,2.4525,2.5746,2.6821,2.7746,2.8546,2.9777,3.1302
2021-05-20,FR007利率互换收盘曲线,16:30,均值,2.2055,2.2977,2.3537,2.4124,2.4540,2.5798,2.6873,2.7787,2.8549,2.9938,3.1476
2021-05-20,FR007利率互换收盘曲线,16:30,报卖,2.2075,2.3050,2.3600,2.4175,2.4554,2.5850,2.6925,2.7827,2.8553,3.0100,3.1650
2021-05-19,FR007利率互换收盘曲线,16:30,报买,2.2051,2.3025,2.3700,2.4250,2.4725,2.5975,2.7050,2.7925,2.8750,3.0050,3.1625
2021-05-19,FR007利率互换收盘曲线,16:30,均值,2.2075,2.3113,2.3738,2.4313,2.4750,2.6002,2.7075,2.7975,2.8763,3.0188,3.1725
2021-05-19,FR007利率互换收盘曲线,16:30,报卖,2.2100,2.3200,2.3775,2.4375,2.4775,2.6029,2.7100,2.8025,2.8775,3.0325,3.1825
2021-05-18,FR007利率互换收盘曲线,16:30,报买,2.2499,2.3275,2.3900,2.4475,2.4916,2.6150,2.7200,2.8125,2.8959,3.0200,3.1625
2021-05-18,FR007利率互换收盘曲线,16:30,均值,2.2520,2.3350,2.3950,2.4513,2.4929,2.6175,2.7250,2.8175,2.8979,3.0346,3.1813
2021-05-18,FR007利率互换收盘曲线,16:30,报卖,2.2540,2.3425,2.4000,2.4550,2.4943,2.6200,2.7300,2.8225,2.9000,3.0492,3.2000
2021-05-17,FR007利率互换收盘曲线,16:30,报买,2.2231,2.3350,2.4050,2.4625,2.5054,2.6300,2.7350,2.8225,2.9100,3.0350,3.1850
2021-05-17,FR007利率互换收盘曲线,16:30,均值,2.2245,2.3400,2.4100,2.4663,2.5067,2.6316,2.7375,2.8292,2.9117,3.0493,3.2019
2021-05-17,FR007利率互换收盘曲线,16:30,报卖,2.2259,2.3450,2.4150,2.4700,2.5081,2.6332,2.7400,2.8360,2.9133,3.0637,3.2189
2021-05-14,FR007利率互换收盘曲线,16:30,报买,2.1167,2.2900,2.3671,2.4246,2.4775,2.6000,2.7080,2.8000,2.8900,3.0125,3.1500
2021-05-14,FR007利率互换收盘曲线,16:30,均值,2.1188,2.2975,2.3723,2.4285,2.4788,2.6063,2.7140,2.8038,2.8913,3.0288,3.1750
2021-05-14,FR007利率互换收盘曲线,16:30,报卖,2.1209,2.3050,2.3775,2.4325,2.4800,2.6125,2.7200,2.8075,2.8925,3.0450,3.2000
2021-05-13,FR007利率互换收盘曲线,16:30,报买,2.1339,2.3000,2.3750,2.4350,2.4849,2.6075,2.7125,2.8025,2.8899,3.0150,3.1650
2021-05-13,FR007利率互换收盘曲线,16:30,均值,2.1372,2.3119,2.3813,2.4413,2.4862,2.6100,2.7163,2.8063,2.8905,3.0296,3.1825
2021-05-13,FR007利率互换收盘曲线,16:30,报卖,2.1406,2.3239,2.3875,2.4475,2.4875,2.6125,2.7200,2.8100,2.8912,3.0442,3.2000
2021-05-12,FR007利率互换收盘曲线,16:30,报买,2.0785,2.2825,2.3590,2.4175,2.4675,2.5850,2.6925,2.7850,2.8713,2.9985,3.1425
2021-05-12,FR007利率互换收盘曲线,16:30,均值,2.0803,2.2888,2.3657,2.4238,2.4689,2.5893,2.6975,2.7888,2.8732,3.0138,3.1650
2021-05-12,FR007利率互换收盘曲线,16:30,报卖,2.0820,2.2950,2.3725,2.4300,2.4703,2.5935,2.7025,2.7925,2.8750,3.0290,3.1875
